{
	"FI9903P": {
		"position": { "x": -8.462588051517931, "y": -36.2325088097634, "z": -2.7883933607816425 },
		"target": { "x": -8.403878628228217, "y": -36.07742784522128, "z": -2.789311769355054 },
		"rotation": { "x": -0.7, "y": -1.4, "z": 0.9 }
	}

}
