{
    "Bureau": {
        "position": { "x": 0.24508911059573874, "y": 11.027886205261382, "z": -7.33190971893242 },
        "target": { "x": 0.18802072292988492, "y": 11.075080815106363, "z": -7.337804354707573 },
        "shutters": {
            "Nord": 3108,
            "Ouest": 3107
        }
    },
    "Cuisine": {
        "position": { "x": 12.399825991561515, "y": -11.866472899443679, "z": -6.883588489089683 },
        "target": { "x": 12.35500829468723, "y": -11.936116162968718, "z": -6.887541529483146 },
        "shutters": {
            "Cuisine": 3104,
            "Sud": 3377,
            "Ouest": 3379
        }
    },
    "Salon": {
        "position": { "x": -4.713811912819307, "y": -2.8713546529901453, "z": -6.9954570818484205 },
        "target": { "x": -4.795347799850799, "y": -2.8958620358911014, "z": -7.002513818137862 },
        "shutters": {
            "Nord": 3399,
            "Sud": [ 3381, 3385 ],
            "Ouest": [ 3393, 3387, 3390 ]
        }
    },
    "SdJ": {
        "position": { "x": 16.749062390939347, "y": 13.004622555547186, "z": -6.583910015443487 },
        "target": { "x": 16.90977525976796, "y": 13.003509420417585, "z": -6.586513138264779 },
        "shutters": {
            "Nord": 3087,
            "Sud": 3096,
            "Est": 3092
        }
    },
    "Pauline": {
        "position": { "x": 2.0805862822143264, "y": -8.582542634573423, "z": 2.3966466240342497 },
        "target": { "x": 2.0218233359609945, "y": -8.63850381337566, "z": 2.3947640520079854 },
        "shutters": {
            "Terrasse": 3415,
            "Sud": 3414,
            "Ouest": 3413
        }
    },
    "Lucille": {
        "position": { "x": 8.46223355486904, "y": -10.360013925327152, "z": 3.0470738167853817 },
        "target": { "x": 8.503051956615693, "y": -10.429570503923397, "z": 3.045767553664191 },
        "shutters": {
            "Sud": 3409,
            "Est": 3411
        }
    },
    "Marie": {
        "position": { "x": 0.44295789425787474, "y": 8.789539620207092, "z": 3.6008922979840636 },
        "target": { "x": 0.38705729985463827, "y": 8.845586408196537, "z": 3.5957241710682166 },
        "shutters": {
            "Nord": 3405,
            "Ouest": 3404
        }
    },
    "Dressing": {
        "position": { "x": 16.803929919939712, "y": 11.189350972700977, "z": 2.897376406803583 },
        "target": { "x": 16.886676690952395, "y": 11.203093218661824, "z": 2.897779410434922 },
        "shutters": {
            "Nord": 3406,
            "Est": 3407,
            "Sud": 3408
        }
    },
    "Garage": {
        "position": { "x": 15.306189314219365, "y": 11.148503583985283, "z": -14.897981456949468 },
        "target": { "x": 15.389791680502164, "y": 11.151391182319323, "z": -14.905371249442183 }
    }
}